Company,count,median,mean
Lenovo,290,47898.72,58072.48
Dell,287,52480.8,63237.06
HP,266,51495.12,57214.37
Asus,156,53946.0,58972.37
Acer,103,29783.52,33394.62
MSI,53,85194.72,91814.55
Toshiba,47,64468.8,66747.37
Apple,21,71378.68,83340.5
Samsung,9,87858.72,75308.32
Mediacom,7,14119.2,15717.6
Razer,7,154458.72,178282.49
Microsoft,6,83622.96,85903.79
Vero,4,11020.97,11584.4
Xiaomi,4,58578.7,60390.88
Chuwi,3,13261.39,16745.73
Google,3,83063.52,89386.08
LG,3,111834.72,111834.72
Huawei,2,75870.72,75870.72
Fujitsu,2,38574.72,38574.72
